SNP,Chr,Pos,P.value,MAF,nobs,effect,Phenotype_Variance_Explained(%)
2:10483750,2,10483750,2.06523235532797e-14,0.0579710144927536,138,11.8057449743666,1.92324791653357
2:13975379,2,13975379,6.51804774883623e-07,0.369565217391304,138,-3.55589246193936,46.0205902509074
3:2643571,3,2643571,9.3386122327193e-10,0.0942028985507246,138,8.53720905609563,0
3:2650930,3,2650930,7.49034600922134e-07,0.130434782608696,138,0.496353821732297,2.53760693739751
