SNP,Chr,Pos,P.value,MAF,effect,nobs,H&B.P.Value,Phenotype_Variance_Explained(%)
1:20242150,1,20242150,3.90114900783528e-07,0.0775193798449612,10.0688042198946,129,0.0162198072298767,54.4470157680779
