SNP,Chr,Pos,P.value,MAF,effect,nobs,H&B.P.Value,Phenotype_Variance_Explained(%)
2:10483750,2,10483750,2.06523235532797e-14,0.0579710144927536,11.8057449743666,138,8.58661656374708e-10,29.5407377921837
2:13975379,2,13975379,6.51804774883623e-07,0.369565217391304,-3.55589246193936,138,0.00903336237511213,4.51581529254482
3:2643571,3,2643571,9.3386122327193e-10,0.0942028985507246,8.53720905609563,138,1.94135740399885e-05,41.2646045186057
