SNP,Chr,Pos,P.value,MAF,nobs,effect,Phenotype_Variance_Explained(%)
1:20242150,1,20242150,3.90114900783528e-07,0.0775193798449612,129,10.0688042198946,4.78602136686353
