,SNP,Chr,Pos,P.value,MAF,traits
6403,1:20242150,1,20242150,3.901149e-07,0.07751938,FarmCPU.FT16(NYC)
12891,2:10483750,2,10483750,2.065232e-14,0.05797101,FarmCPU.FT10(NYC)
14559,2:13975379,2,13975379,6.518048e-07,0.36956522,FarmCPU.FT10(NYC)
18264,3:2643571,3, 2643571,9.338612e-10,0.09420290,FarmCPU.FT10(NYC)
18270,3:2650930,3, 2650930,7.490346e-07,0.13043478,FarmCPU.FT10(NYC)
